{"cameraMode":{"drawMode":0,"name":"Shaded","section":"Shading Mode"},"sceneLighting":true,"audioPlay":false,"sceneViewState":{"m_AlwaysRefresh":false,"showFog":false,"showSkybox":false,"showFlares":false,"showImageEffects":false,"showParticleSystems":false,"showVisualEffectGraphs":false,"m_FxEnabled":true},"in2DMode":false,"pivot":{"x":4.755620002746582,"y":0.21536743640899659,"z":-11.705352783203125},"rotation":{"x":0.0014972009230405093,"y":-0.9850926995277405,"z":0.00888459850102663,"w":0.17228175699710847},"size":14.142157554626465,"orthographic":false}